x,y,anomaly
0,0,-0.28984447506592559
1000,0,-1.2367715855031098
2000,0,-0.16365388187698479
3000,0,-0.20545333457981979
4000,0,0.48574158018105207
5000,0,0.684851491779268
6000,0,0.81355260014265163
7000,0,1.3415635293843549
8000,0,2.2567694680547996
9000,0,1.8972852160834048
10000,0,2.9342324475121608
11000,0,2.7664212959001242
12000,0,3.2522787657584042
13000,0,3.7769557293867919
14000,0,5.3268767349151318
15000,0,4.7845722543493672
16000,0,6.5617628350454122
17000,0,5.7833744709121868
18000,0,7.29724709356775
19000,0,7.8301286734728617
20000,0,8.0533607455832232
21000,0,9.826130821855779
22000,0,9.8209591196132315
23000,0,10.560775324100465
24000,0,10.949915653892043
25000,0,11.004023891683595
26000,0,12.826931996217446
27000,0,12.03207634485147
28000,0,11.976152206521
29000,0,13.086198128535102
30000,0,14.475133968443165
31000,0,13.908407008093009
32000,0,13.991737370285453
33000,0,13.343340221084162
34000,0,14.834521799968833
35000,0,13.883047841526377
36000,0,14.942241984170707
37000,0,14.580397214501506
38000,0,15.549451670510965
39000,0,14.326160212310512
40000,0,13.827522619806089
41000,0,12.950374678536395
42000,0,13.430048580344666
43000,0,13.031823693059085
44000,0,12.396178994399852
45000,0,11.430127853535367
46000,0,12.014946227867636
47000,0,10.975848141941402
48000,0,11.544901848501054
49000,0,10.155866492218969
50000,0,10.039392048500147
0,1000,-1.48324232242368
1000,1000,-0.22937719829702574
2000,1000,0.4914656137098955
3000,1000,-0.48387497714737793
4000,1000,0.98662931271330123
5000,1000,0.63004465122022624
6000,1000,1.0375019019189029
7000,1000,1.9901321934722624
8000,1000,2.3163530172155697
9000,1000,2.9319137910458628
10000,1000,3.0372971631859929
11000,1000,4.0234678581554633
12000,1000,3.1898343449194693
13000,1000,4.9099057544823195
14000,1000,5.05742118923895
15000,1000,5.2386406685601719
16000,1000,6.3145028029419095
17000,1000,7.2685149922832855
18000,1000,8.2997469930179175
19000,1000,8.4177770216220438
20000,1000,9.2201824747976175
21000,1000,9.15014248370156
22000,1000,10.248330250414407
23000,1000,11.008461978285071
24000,1000,12.735791104130632
25000,1000,13.267025948284989
26000,1000,13.179942069660894
27000,1000,14.391265552536764
28000,1000,13.995672360262498
29000,1000,14.21216070479791
30000,1000,15.310561607534213
31000,1000,14.996047492654441
32000,1000,15.370336662293045
33000,1000,16.378306324068738
34000,1000,15.285813168739216
35000,1000,15.884744833309338
36000,1000,16.475809018781028
37000,1000,16.266650308400095
38000,1000,15.395037855159059
39000,1000,14.65214146988462
40000,1000,15.276678040205615
41000,1000,14.672520333824027
42000,1000,14.182028972576417
43000,1000,13.004332423899053
44000,1000,13.605586797768979
45000,1000,12.715005016864817
46000,1000,11.857633016620472
47000,1000,11.932733521213093
48000,1000,11.863515768477422
49000,1000,10.981405865965952
50000,1000,10.486657898136878
0,2000,-0.75737194593220791
1000,2000,-1.2261484695083606
2000,2000,0.13675028124516223
3000,2000,0.51156521585535364
4000,2000,0.36830103772030526
5000,2000,1.0716066302128373
6000,2000,0.4906930042623836
7000,2000,1.1060339379066315
8000,2000,1.9345797267649172
9000,2000,2.8712268772987617
10000,2000,2.4096646125110404
11000,2000,3.7191881796931234
12000,2000,4.3172157632865389
13000,2000,4.9690175999008543
14000,2000,5.6373124423254426
15000,2000,6.41434689107203
16000,2000,7.222951030815274
17000,2000,7.556650672632709
18000,2000,8.1967809586341343
19000,2000,8.5927396365720945
20000,2000,9.82232539185285
21000,2000,10.776980072568383
22000,2000,11.476792038639493
23000,2000,13.104443603001675
24000,2000,12.729463369991356
25000,2000,14.381094122657784
26000,2000,13.44810848338696
27000,2000,14.96945804712716
28000,2000,15.741047065253222
29000,2000,16.302512628992854
30000,2000,15.882438479838225
31000,2000,17.807410374109519
32000,2000,16.803857263977257
33000,2000,17.64616750292096
34000,2000,17.965494655509094
35000,2000,17.637916917783841
36000,2000,16.851838980722292
37000,2000,16.600099962378167
38000,2000,16.466117407722312
39000,2000,16.625396996425451
40000,2000,15.847148695336243
41000,2000,15.507718043038881
42000,2000,15.568012061750778
43000,2000,15.231551021340508
44000,2000,14.911904169671562
45000,2000,14.317968177751339
46000,2000,12.836245371477057
47000,2000,12.9168189383992
48000,2000,12.346007509712145
49000,2000,11.552504903455079
50000,2000,11.109174599156832
0,3000,-0.84148741250016834
1000,3000,-0.4942077201343279
2000,3000,-0.45243095036777226
3000,3000,0.44065996384034717
4000,3000,0.28696130568690975
5000,3000,0.7078477965654435
6000,3000,1.0050430501402525
7000,3000,1.7460401275629267
8000,3000,1.9623996076260739
9000,3000,2.9622728462354364
10000,3000,3.1690945961979122
11000,3000,3.9309433102156044
12000,3000,5.13453702521732
13000,3000,5.5869587291914105
14000,3000,5.0031530895394507
15000,3000,7.0409983774672495
16000,3000,7.1273970171443191
17000,3000,9.8812243509295872
18000,3000,8.993720526262992
19000,3000,9.93840747013251
20000,3000,11.420941291770928
21000,3000,12.036582076067065
22000,3000,13.124306455285888
23000,3000,13.341110669279567
24000,3000,15.066177716117476
25000,3000,14.936174647598818
26000,3000,16.045232887986128
27000,3000,16.239675842863736
28000,3000,17.895001886354617
29000,3000,17.457840942496681
30000,3000,17.873919790455318
31000,3000,17.770976924899667
32000,3000,18.02355448676364
33000,3000,19.770424602762169
34000,3000,19.30846884376756
35000,3000,19.537630987216083
36000,3000,18.888281085437608
37000,3000,18.062349271539407
38000,3000,18.515655102041794
39000,3000,17.235057629789431
40000,3000,18.591833134172692
41000,3000,17.352448624508568
42000,3000,16.588518761798891
43000,3000,15.803711111534831
44000,3000,15.207636785737979
45000,3000,14.547379190938523
46000,3000,14.430094937175015
47000,3000,13.589004255901767
48000,3000,12.85501507015049
49000,3000,12.536813630198647
50000,3000,11.886027303820434
0,4000,-0.50757892461905518
1000,4000,0.026106299967237623
2000,4000,0.075868435175336243
3000,4000,0.76395019944037879
4000,4000,0.53731518756435948
5000,4000,0.85525045735470107
6000,4000,1.8788308214158833
7000,4000,2.1103042131413114
8000,4000,2.3017241418800518
9000,4000,2.8123146576954152
10000,4000,4.5608648412588426
11000,4000,4.9385903254541477
12000,4000,5.47498344508997
13000,4000,4.5893097552216755
14000,4000,6.3284030466745529
15000,4000,7.6140638175752757
16000,4000,8.4530615686017434
17000,4000,8.24505345668891
18000,4000,9.4452342179060746
19000,4000,10.939351988850232
20000,4000,12.635052280688644
21000,4000,12.466061419166204
22000,4000,14.293294203193941
23000,4000,15.237665619519424
24000,4000,15.744373457250086
25000,4000,16.411999336176457
26000,4000,16.61299585288198
27000,4000,18.16716477794424
28000,4000,19.142206112051088
29000,4000,19.49231024904579
30000,4000,19.914086322814327
31000,4000,20.591190197844714
32000,4000,19.68493575410859
33000,4000,20.070898548112087
34000,4000,20.253216876933259
35000,4000,20.45017242796823
36000,4000,20.797251824015298
37000,4000,20.881192072789169
38000,4000,19.29541733138463
39000,4000,18.778809990091418
40000,4000,19.153146275786472
41000,4000,18.448349671891119
42000,4000,18.0310162607746
43000,4000,17.0591492264675
44000,4000,16.308835926347811
45000,4000,15.177676393098034
46000,4000,15.624478571030215
47000,4000,14.188834734568012
48000,4000,13.344024070277918
49000,4000,13.397196173915916
50000,4000,12.536991840547616
0,5000,-1.543847863969108
1000,5000,-0.66194938705111772
2000,5000,0.10640312202794858
3000,5000,0.2078161882656239
4000,5000,0.10967212102704549
5000,5000,1.6814280339487135
6000,5000,0.9993372483824905
7000,5000,1.3783409724564366
8000,5000,2.4221986215847915
9000,5000,3.19797778358512
10000,5000,3.0808674913610927
11000,5000,5.4235348013770608
12000,5000,5.5156811069700131
13000,5000,6.0782216101547561
14000,5000,7.5424576017646849
15000,5000,6.8653024727741681
16000,5000,9.6347160219331212
17000,5000,10.514460863823949
18000,5000,10.655316809185884
19000,5000,12.062484644650233
20000,5000,11.907506934212179
21000,5000,14.118521769606565
22000,5000,15.729855193778192
23000,5000,15.990726242354835
24000,5000,16.865181091096105
25000,5000,18.487952106109571
26000,5000,19.178073062436674
27000,5000,19.251514303370911
28000,5000,20.7619949837437
29000,5000,20.775938359429304
30000,5000,21.172903272920479
31000,5000,21.137139664704652
32000,5000,22.586628670454846
33000,5000,22.214854587975545
34000,5000,22.675801846057006
35000,5000,22.383671153255989
36000,5000,22.269542435752292
37000,5000,21.233477126378268
38000,5000,21.657571598175419
39000,5000,22.045211838753179
40000,5000,21.099608593880017
41000,5000,20.188933378729953
42000,5000,19.353562656388043
43000,5000,19.017452022389914
44000,5000,16.964398171934867
45000,5000,16.501543090949749
46000,5000,16.59926074823273
47000,5000,15.169780117698679
48000,5000,13.791897535293266
49000,5000,14.335159067147204
50000,5000,12.706415980749529
0,6000,-0.24837893116157173
1000,6000,-0.2175864796398865
2000,6000,-0.35024372386000097
3000,6000,0.5604519733699076
4000,6000,0.77814314918256855
5000,6000,0.10114475255149591
6000,6000,2.2650494892458739
7000,6000,2.2729727511350921
8000,6000,2.5900395296523766
9000,6000,3.7689517000512183
10000,6000,4.7119225295308329
11000,6000,4.462009127589579
12000,6000,5.6554975038790332
13000,6000,6.698691236319851
14000,6000,7.923966652702374
15000,6000,8.8834823757998063
16000,6000,9.3885674082427766
17000,6000,10.002644444573464
18000,6000,11.468317324346033
19000,6000,12.854688364771938
20000,6000,14.070190289805511
21000,6000,14.510991549331939
22000,6000,16.079842972237206
23000,6000,17.750598157573855
24000,6000,18.876224584913778
25000,6000,19.356737048321371
26000,6000,20.922930047749
27000,6000,20.735837405791695
28000,6000,22.33731889100153
29000,6000,22.235059830751847
30000,6000,23.35201083007636
31000,6000,23.883966775840872
32000,6000,24.452473048466313
33000,6000,24.505058717741946
34000,6000,23.885562489690418
35000,6000,24.482397334376373
36000,6000,24.332566431206907
37000,6000,24.337555088285455
38000,6000,23.378071397999054
39000,6000,22.739406426701404
40000,6000,22.155687645033534
41000,6000,20.570380898848576
42000,6000,21.066495652132819
43000,6000,19.748236198238743
44000,6000,18.798786694846633
45000,6000,18.04087032408323
46000,6000,17.601526041229675
47000,6000,16.488377951532392
48000,6000,14.875348730824927
49000,6000,13.470461736451336
50000,6000,13.42451106547221
0,7000,-0.13419957896077289
1000,7000,-0.64488695224961634
2000,7000,0.61175215222238422
3000,7000,0.14089505192066304
4000,7000,0.81290365140286613
5000,7000,1.3151087156101133
6000,7000,2.0157770317226316
7000,7000,2.5419971756607644
8000,7000,2.7421879653229215
9000,7000,4.1974411278839145
10000,7000,5.540438648611028
11000,7000,5.3835603412776871
12000,7000,5.3513089109705074
13000,7000,7.1683853449082058
14000,7000,7.9596771183401014
15000,7000,9.0258984482791274
16000,7000,10.582788977323268
17000,7000,11.886231673486746
18000,7000,12.845555776918296
19000,7000,13.809782711417027
20000,7000,15.203681409561824
21000,7000,16.33677815227459
22000,7000,17.206400145360622
23000,7000,18.347327495634655
24000,7000,19.666819488600968
25000,7000,20.387502039476672
26000,7000,21.777872941645658
27000,7000,23.047975284192574
28000,7000,23.454765297007619
29000,7000,24.221451278661736
30000,7000,24.648884942044983
31000,7000,24.823057615459536
32000,7000,25.476076125922813
33000,7000,25.91830906395634
34000,7000,26.298780256794803
35000,7000,25.510429885385541
36000,7000,25.200920976742378
37000,7000,25.785437821690298
38000,7000,25.184867294469036
39000,7000,24.151876417165457
40000,7000,23.329514841980643
41000,7000,23.393646185196996
42000,7000,22.228559315640076
43000,7000,20.547971627540754
44000,7000,19.556784700538941
45000,7000,18.75574360718247
46000,7000,19.024731857150229
47000,7000,17.690019450252819
48000,7000,16.032554425132854
49000,7000,15.11772245496195
50000,7000,14.272788662925803
0,8000,0.37488850442847965
1000,8000,-0.752699291311532
2000,8000,-0.1827187190180895
3000,8000,0.93987661719614612
4000,8000,0.91605128692787974
5000,8000,1.7878698474953074
6000,8000,1.2708929932149995
7000,8000,2.1955318961163521
8000,8000,2.8297785191035949
9000,8000,4.8700165652943666
10000,8000,5.1487830559880425
11000,8000,5.7932088019024564
12000,8000,6.20940431258338
13000,8000,7.9057208897975446
14000,8000,8.7391089529274648
15000,8000,9.765813633858679
16000,8000,11.370987227734428
17000,8000,11.975162780097342
18000,8000,13.90284185576693
19000,8000,14.153676425597659
20000,8000,15.645050607038232
21000,8000,17.871902882838938
22000,8000,19.171129500747053
23000,8000,20.220854918059874
24000,8000,20.97898273547445
25000,8000,22.360457174844345
26000,8000,23.68737308635421
27000,8000,24.510983968585503
28000,8000,24.936217451393787
29000,8000,25.874077250576487
30000,8000,26.954662329238221
31000,8000,27.117961539618122
32000,8000,27.94440909783388
33000,8000,28.341078807790161
34000,8000,27.995307014519071
35000,8000,27.810982017988891
36000,8000,27.020367707173158
37000,8000,27.517627674027452
38000,8000,26.059554817354353
39000,8000,24.946127996080236
40000,8000,25.238762229074357
41000,8000,23.617810235746667
42000,8000,24.084992039761122
43000,8000,22.898116031974133
44000,8000,20.963840435667809
45000,8000,20.312577828522297
46000,8000,18.422600146604832
47000,8000,18.221034403606417
48000,8000,17.628625760890682
49000,8000,15.618221883345853
50000,8000,15.292225487712512
0,9000,0.022686101236342404
1000,9000,-0.14783846471633616
2000,9000,-0.57690958636553435
3000,9000,1.2509674211238266
4000,9000,1.3086498539627522
5000,9000,1.1825733006481456
6000,9000,2.3931556706666979
7000,9000,2.6724462680714116
8000,9000,2.9912432500258004
9000,9000,3.839648565184822
10000,9000,4.945513269282956
11000,9000,5.8716679516771926
12000,9000,8.074821462866133
13000,9000,8.0047649031227746
14000,9000,9.07726565405181
15000,9000,10.09374811908407
16000,9000,12.083366852869306
17000,9000,12.974844770698269
18000,9000,14.807719320776554
19000,9000,16.117287420169237
20000,9000,17.136010138616815
21000,9000,18.771988585424413
22000,9000,20.079360882922384
23000,9000,21.525506046715332
24000,9000,22.925993419742667
25000,9000,22.764459633405941
26000,9000,25.651032362587863
27000,9000,26.232383266940641
28000,9000,26.94804141617054
29000,9000,28.325466816600823
30000,9000,28.61615441341997
31000,9000,28.554109891043289
32000,9000,29.943437394482554
33000,9000,30.157885516433712
34000,9000,29.28800263833244
35000,9000,29.817394788287359
36000,9000,29.058415205816225
37000,9000,28.530506453670249
38000,9000,28.280558076834147
39000,9000,27.151925933378436
40000,9000,27.477691433348507
41000,9000,25.910719992009135
42000,9000,25.583929451119818
43000,9000,23.445477190856881
44000,9000,22.636853091086881
45000,9000,22.146590422570604
46000,9000,20.065402901774394
47000,9000,20.292934863821092
48000,9000,18.365276840566771
49000,9000,17.745738047190969
50000,9000,15.541792349447807
0,10000,-0.39343910950050143
1000,10000,0.19017845219229867
2000,10000,-0.24732945597185568
3000,10000,0.030921691657597394
4000,10000,0.90351333776749643
5000,10000,1.1353997457846599
6000,10000,2.4723989320553
7000,10000,3.0135493677792615
8000,10000,2.9781303840332614
9000,10000,4.961703970763363
10000,10000,6.3978794755750314
11000,10000,7.1302121852757239
12000,10000,7.8773599942110621
13000,10000,8.709133774770569
14000,10000,10.364564737224455
15000,10000,10.281409821428559
16000,10000,12.117580032909098
17000,10000,14.13274884383584
18000,10000,15.537236137337722
19000,10000,17.102150751689113
20000,10000,17.657945567833096
21000,10000,20.061745436933737
22000,10000,21.005278067026744
23000,10000,22.88712673939316
24000,10000,23.629521992965209
25000,10000,25.366029607529963
26000,10000,26.59170054914863
27000,10000,27.656143381973784
28000,10000,28.410639580711766
29000,10000,29.114685433202258
30000,10000,30.36399950925659
31000,10000,31.172916430556839
32000,10000,31.358519412876824
33000,10000,31.553979694829216
34000,10000,30.773172817573549
35000,10000,32.004968476293286
36000,10000,31.624378602034795
37000,10000,30.327585530002537
38000,10000,29.686104606822795
39000,10000,29.342583765370616
40000,10000,28.102119793628503
41000,10000,27.935802789488942
42000,10000,25.423202544108982
43000,10000,25.941849501182713
44000,10000,23.003758566249246
45000,10000,22.573989736023783
46000,10000,21.547534157754271
47000,10000,19.999881834933717
48000,10000,19.350116543188044
49000,10000,18.488245514771446
50000,10000,15.773287167031409
0,11000,-1.2973386409316721
1000,11000,0.33992966338029562
2000,11000,-0.30720087590604539
3000,11000,1.1071108660745708
4000,11000,0.77214922707182976
5000,11000,2.2365517107277166
6000,11000,2.1054794872651028
7000,11000,3.6819481524288302
8000,11000,4.2078562031062718
9000,11000,4.4129172845162374
10000,11000,5.5860377634936365
11000,11000,7.8158553464840761
12000,11000,7.1912829084261238
13000,11000,10.0435987170108
14000,11000,10.5450825166361
15000,11000,11.940904610002438
16000,11000,13.335087453460144
17000,11000,15.347728981164879
18000,11000,16.46296800521479
19000,11000,17.911683858835062
20000,11000,20.103017125276256
21000,11000,21.262634116233638
22000,11000,22.562794780957148
23000,11000,24.483055750357611
24000,11000,25.68649178970097
25000,11000,26.952815374086573
26000,11000,27.779561625191405
27000,11000,28.982588865853089
28000,11000,30.856163288770347
29000,11000,31.74937900585892
30000,11000,31.495315872215524
31000,11000,34.097226157860291
32000,11000,33.385135073060809
33000,11000,33.254976042218971
34000,11000,33.200051779163886
35000,11000,32.733719038059121
36000,11000,33.177381299900681
37000,11000,32.931482873331966
38000,11000,31.984296678937827
39000,11000,30.081982951866031
40000,11000,30.062569315815665
41000,11000,28.991065417564243
42000,11000,27.596119085545833
43000,11000,26.233426254095445
44000,11000,25.6520055311036
45000,11000,23.626403760765449
46000,11000,23.152534483573664
47000,11000,21.531435076031418
48000,11000,19.883741627904353
49000,11000,18.681036462687015
50000,11000,17.766960968583611
0,12000,-0.331350097963457
1000,12000,-0.41935444130980576
2000,12000,-0.5882295981175153
3000,12000,0.77583220702312039
4000,12000,1.2748111423202662
5000,12000,1.8453012074832875
6000,12000,1.5579268602385581
7000,12000,3.458293690560601
8000,12000,3.9926781828366948
9000,12000,4.5222600040635985
10000,12000,5.3056075419470874
11000,12000,6.2718528918432055
12000,12000,8.91940807883123
13000,12000,9.3692879685629062
14000,12000,11.310958434342878
15000,12000,12.507633694430094
16000,12000,14.38243345189092
17000,12000,15.064742529326963
18000,12000,17.620881096166926
19000,12000,18.885298728426442
20000,12000,21.015601198485367
21000,12000,22.016304941234161
22000,12000,24.008235614125955
23000,12000,25.558045089689692
24000,12000,26.917520152937765
25000,12000,28.581011981762174
26000,12000,29.707684469189573
27000,12000,31.151503058550933
28000,12000,31.576809846004213
29000,12000,34.014507006717224
30000,12000,34.518918081013766
31000,12000,34.120445257652555
32000,12000,34.529133102558305
33000,12000,35.49288221512267
34000,12000,35.635297829127069
35000,12000,35.268994179421227
36000,12000,35.20598133004755
37000,12000,34.63409956140562
38000,12000,32.842114744507064
39000,12000,32.783866860470042
40000,12000,30.801469732246353
41000,12000,30.640812714991664
42000,12000,29.229474570087614
43000,12000,27.714242736991626
44000,12000,27.213982621093429
45000,12000,25.301784454033033
46000,12000,23.351368508734865
47000,12000,23.324914027515856
48000,12000,20.658887657778909
49000,12000,19.596222963541308
50000,12000,18.444436976053851
0,13000,-0.35999704241022124
1000,13000,-0.30782575953097113
2000,13000,0.18418329852900536
3000,13000,0.88596416323462979
4000,13000,0.91848166898266159
5000,13000,2.3678754228960259
6000,13000,2.787867588954335
7000,13000,3.3685985302705213
8000,13000,4.408491419049489
9000,13000,5.6921524837945592
10000,13000,6.5603713461210136
11000,13000,7.8469737414042964
12000,13000,7.6820569859399681
13000,13000,9.5884881772487969
14000,13000,11.525188269071382
15000,13000,12.728990918343424
16000,13000,14.405051105434895
17000,13000,16.064549991379963
18000,13000,18.20888582006701
19000,13000,19.658310940805517
20000,13000,21.365087995693166
21000,13000,23.671306827247978
22000,13000,25.05799661098159
23000,13000,26.583873694690112
24000,13000,27.849379167221109
25000,13000,30.023359008139323
26000,13000,30.711607096253918
27000,13000,32.381024584512772
28000,13000,33.7367969128379
29000,13000,34.322704295209988
30000,13000,34.575510321129293
31000,13000,36.081319182848119
32000,13000,36.5344235701354
33000,13000,36.162102360436862
34000,13000,35.875380816825079
35000,13000,37.078940199092152
36000,13000,36.569822619042291
37000,13000,35.217153676961843
38000,13000,34.463535150135748
39000,13000,33.905652392013835
40000,13000,33.067474800571311
41000,13000,31.451594608262464
42000,13000,31.199095409581407
43000,13000,29.12869661515278
44000,13000,28.1646247723135
45000,13000,26.143721302040259
46000,13000,25.164950433105453
47000,13000,23.53596603867701
48000,13000,21.297377906883352
49000,13000,19.970765135258521
50000,13000,18.293484210161122
0,14000,-0.77901800890491946
1000,14000,-0.3955374638871928
2000,14000,0.14876780717326446
3000,14000,0.63846085365340766
4000,14000,1.3772821727444555
5000,14000,1.2638038951986035
6000,14000,2.7669216421163139
7000,14000,3.1952942905630737
8000,14000,5.447109511786608
9000,14000,5.0322571735578867
10000,14000,6.9208343573185864
11000,14000,7.5951379031586885
12000,14000,9.2829746793471983
13000,14000,9.9083578018917127
14000,14000,11.910944542245751
15000,14000,13.198393946497774
16000,14000,15.201193020443579
17000,14000,16.701243961618157
18000,14000,19.017602017743414
19000,14000,20.737481932931836
20000,14000,23.100162613369193
21000,14000,24.171156305589189
22000,14000,27.48344587947771
23000,14000,27.551648809857024
24000,14000,29.354633580974131
25000,14000,31.56978365290427
26000,14000,33.945429113637339
27000,14000,34.223580742587309
28000,14000,35.597467437153448
29000,14000,35.788233345931168
30000,14000,36.661998767438504
31000,14000,37.563900204772111
32000,14000,37.642210567510872
33000,14000,37.881518794061172
34000,14000,38.697689314743286
35000,14000,37.729820148146409
36000,14000,37.96317871185569
37000,14000,37.771630455600175
38000,14000,36.08331397520454
39000,14000,34.78722870501111
40000,14000,35.003630323899465
41000,14000,32.720017833207251
42000,14000,30.635830122919071
43000,14000,30.667139543041028
44000,14000,29.661180889188351
45000,14000,27.519102857947491
46000,14000,26.365629164810894
47000,14000,24.16294292658425
48000,14000,22.397078691372965
49000,14000,20.245866674254675
50000,14000,18.870729227136682
0,15000,-0.92496872948291475
1000,15000,0.24531552008980728
2000,15000,0.71359351771931467
3000,15000,0.85605856981060957
4000,15000,1.8822842110952027
5000,15000,2.583447444293101
6000,15000,2.169626243346352
7000,15000,3.1833245732444708
8000,15000,4.8081910918781361
9000,15000,5.0349399851890277
10000,15000,6.5321270124179982
11000,15000,7.8759952608415871
12000,15000,8.9278049276149485
13000,15000,11.018377553146237
14000,15000,13.150660303740519
15000,15000,14.835900155216708
16000,15000,15.655290876980924
17000,15000,17.274449496284145
18000,15000,19.452015615511169
19000,15000,21.094147392874724
20000,15000,23.417045051672876
21000,15000,25.162547802433856
22000,15000,27.266964095253922
23000,15000,28.524376313732848
24000,15000,30.123909410716596
25000,15000,32.163000860321084
26000,15000,34.743154776308188
27000,15000,35.144095096359194
28000,15000,36.212702895083225
29000,15000,37.589329691699575
30000,15000,37.729273106549854
31000,15000,37.874552181754723
32000,15000,38.918351328225476
33000,15000,39.305640020125331
34000,15000,40.349762469945688
35000,15000,38.627181060341719
36000,15000,38.9473957186229
37000,15000,38.58747326936399
38000,15000,36.767712761762844
39000,15000,36.586986199262448
40000,15000,35.539555238270729
41000,15000,34.049555962042049
42000,15000,32.972712041221634
43000,15000,31.096049872499083
44000,15000,29.606496474071292
45000,15000,27.410281178544992
46000,15000,26.63453244523124
47000,15000,24.470693762232234
48000,15000,23.265272855728906
49000,15000,21.885239644896927
50000,15000,19.560898456638355
0,16000,-1.57336803546338
1000,16000,0.5969825849160848
2000,16000,0.24770977646284081
3000,16000,1.1429597344305242
4000,16000,1.4498142802490039
5000,16000,1.9434217879751909
6000,16000,2.0651291155069931
7000,16000,3.7710337060588759
8000,16000,4.6742657517977069
9000,16000,5.9378312831328328
10000,16000,7.5280338427569014
11000,16000,8.0922898114075661
12000,16000,9.8556064504988345
13000,16000,11.115153848882251
14000,16000,12.45812821667403
15000,16000,14.870741206414012
16000,16000,16.171909078248074
17000,16000,18.318473281861664
18000,16000,19.643756362814148
19000,16000,21.908662661514
20000,16000,24.464421176161434
21000,16000,25.794146818062117
22000,16000,27.963516526863682
23000,16000,29.281585990525837
24000,16000,31.049880876629594
25000,16000,33.638287167638069
26000,16000,34.118446975658991
27000,16000,36.323833818839979
28000,16000,37.229176905998962
29000,16000,37.70564096952134
30000,16000,39.785978378343657
31000,16000,39.801086784905628
32000,16000,41.171593948641743
33000,16000,40.190492673063233
34000,16000,40.687402301661578
35000,16000,40.379846715224431
36000,16000,40.063573995939763
37000,16000,38.757798674790038
38000,16000,38.450614699313931
39000,16000,37.421689346327639
40000,16000,36.031273491939338
41000,16000,34.80345910175614
42000,16000,33.554463830829327
43000,16000,31.214449632908675
44000,16000,30.284087769281758
45000,16000,28.736708239500757
46000,16000,27.378959304372735
47000,16000,25.065674347801455
48000,16000,22.646571988584036
49000,16000,21.11416939873671
50000,16000,19.842372123699551
0,17000,-0.25691988320316583
1000,17000,-0.22921411700852595
2000,17000,0.12188813122273411
3000,17000,1.0816895714218795
4000,17000,1.091803913535307
5000,17000,1.6729275184663592
6000,17000,2.941750940360313
7000,17000,4.2623373050534195
8000,17000,5.4896353592808724
9000,17000,6.3404858236752117
10000,17000,7.5698623388616193
11000,17000,8.2104949238629477
12000,17000,10.07255437500902
13000,17000,12.106121204419363
14000,17000,12.742702101657686
15000,17000,14.507906953332109
16000,17000,16.55009790338018
17000,17000,18.912328003386751
18000,17000,20.3696012019421
19000,17000,22.078999203807726
20000,17000,23.976750153151308
21000,17000,26.033287296171256
22000,17000,28.439221374049247
23000,17000,30.004595774818654
24000,17000,32.158334127333966
25000,17000,34.311434806024621
26000,17000,35.19360724452789
27000,17000,36.544880872625519
28000,17000,37.743598885530446
29000,17000,39.609570444017166
30000,17000,40.977162157052462
31000,17000,40.963586151014979
32000,17000,41.723482573711
33000,17000,41.073182654937682
34000,17000,41.217248884066429
35000,17000,42.040831371856363
36000,17000,41.21387103508544
37000,17000,40.365163793920246
38000,17000,39.816761496195774
39000,17000,38.425000874599469
40000,17000,37.04773348624024
41000,17000,34.738536290261273
42000,17000,34.921769612431945
43000,17000,32.103806185708478
44000,17000,30.536644021369071
45000,17000,28.55895166683479
46000,17000,27.322342597734657
47000,17000,25.088271983489349
48000,17000,24.174597989690565
49000,17000,22.264784378191514
50000,17000,21.075684555983756
0,18000,-1.8759847073612255
1000,18000,-0.32560343951803461
2000,18000,-0.068608114473214965
3000,18000,-0.47684023118601027
4000,18000,1.0978011101343905
5000,18000,1.8961524910822196
6000,18000,2.5359085487113111
7000,18000,3.8550294722585483
8000,18000,4.5293478479137459
9000,18000,6.4467315762390589
10000,18000,7.5557572503251587
11000,18000,9.0287391095729728
12000,18000,10.080634614564692
13000,18000,12.083831245790339
14000,18000,13.031526341002404
15000,18000,16.040075212117131
16000,18000,17.089954879634771
17000,18000,18.81839172057704
18000,18000,21.476491212468432
19000,18000,23.484295856808387
20000,18000,25.58182987194251
21000,18000,27.609510343275947
22000,18000,29.371607213331348
23000,18000,31.0886128268987
24000,18000,32.315231707544214
25000,18000,33.906568724202451
26000,18000,35.96094231980824
27000,18000,37.770729662663513
28000,18000,39.41673444236671
29000,18000,40.034129533726258
30000,18000,41.210584154098534
31000,18000,40.559981181953255
32000,18000,41.532176257763354
33000,18000,42.717002425049223
34000,18000,42.27215859045549
35000,18000,41.709069024448738
36000,18000,41.725412273765528
37000,18000,41.365901850102375
38000,18000,40.530629296656436
39000,18000,39.137157123714431
40000,18000,38.240543295391078
41000,18000,36.788377148125051
42000,18000,34.062130092720182
43000,18000,32.389971383420963
44000,18000,31.182650446769671
45000,18000,30.210072640262378
46000,18000,28.301174570215334
47000,18000,24.912921612151074
48000,18000,25.421473360797695
49000,18000,22.755809668013018
50000,18000,21.342324146249641
0,19000,-0.81517792392345068
1000,19000,-0.30624933653118969
2000,19000,0.37442828457950983
3000,19000,1.6091231130473007
4000,19000,1.3698224710355675
5000,19000,2.1514742521166941
6000,19000,3.2479629311952389
7000,19000,4.610564285537631
8000,19000,4.5036750464067
9000,19000,6.0286964042103248
10000,19000,7.6223121209276226
11000,19000,8.6587051664497832
12000,19000,10.434997280504698
13000,19000,12.171238495494638
14000,19000,13.640850934485243
15000,19000,16.419442694130229
16000,19000,17.671398950442406
17000,19000,18.793324800156313
18000,19000,21.0093022627559
19000,19000,23.9405118366366
20000,19000,25.2974348299985
21000,19000,28.625343778170606
22000,19000,29.372173595394962
23000,19000,31.881673115875262
24000,19000,34.024811162643076
25000,19000,34.996982940418938
26000,19000,36.993669784140621
27000,19000,38.088662153323448
28000,19000,40.11193359116686
29000,19000,41.1210068648227
30000,19000,41.274956044299458
31000,19000,42.920020923037235
32000,19000,43.772420872712239
33000,19000,43.2015865863428
34000,19000,43.194823080862449
35000,19000,42.912334908005811
36000,19000,41.905087612504353
37000,19000,41.366074450707721
38000,19000,41.0600269412897
39000,19000,39.561356008217039
40000,19000,37.719890452040474
41000,19000,36.759225058572355
42000,19000,35.368476844170431
43000,19000,34.182268844501905
44000,19000,31.564862314133006
45000,19000,30.630500541456545
46000,19000,29.0901930453363
47000,19000,26.775077873896386
48000,19000,24.968854794905628
49000,19000,22.989425322089524
50000,19000,20.74400306134887
0,20000,-1.0402094934951329
1000,20000,-0.36781808174426756
2000,20000,-0.12121280668449483
3000,20000,1.5537076481692274
4000,20000,1.7010654352292556
5000,20000,2.5961431501023222
6000,20000,3.0023012476567166
7000,20000,3.6462983133290345
8000,20000,5.97573468782436
9000,20000,6.5302417744054519
10000,20000,6.5422319383107137
11000,20000,9.1063176142407016
12000,20000,10.555635598902809
13000,20000,12.750578103824539
14000,20000,15.133442619991094
15000,20000,15.74977859717788
16000,20000,18.69490559049386
17000,20000,20.444414591751769
18000,20000,22.8123046892333
19000,20000,24.883229583809907
20000,20000,26.725861102737131
21000,20000,27.977462601310325
22000,20000,30.669083832183137
23000,20000,32.441453569386063
24000,20000,34.042176927111832
25000,20000,35.871872899487606
26000,20000,36.295241125363304
27000,20000,38.267645846681255
28000,20000,39.308191005723195
29000,20000,41.914519074154875
30000,20000,42.025740765919281
31000,20000,42.387295611557285
32000,20000,43.26757247764008
33000,20000,42.891174810678443
34000,20000,42.643589625285252
35000,20000,44.098423790372493
36000,20000,42.831465823879981
37000,20000,42.579397476245795
38000,20000,40.900654912008541
39000,20000,39.6293751286344
40000,20000,38.969717342422257
41000,20000,36.628349968952691
42000,20000,35.185135242011988
43000,20000,33.840703219287875
44000,20000,31.659625082681305
45000,20000,30.576648836282629
46000,20000,27.421259964176127
47000,20000,26.065422228139241
48000,20000,25.691823187123877
49000,20000,22.868605066270383
50000,20000,21.25079556855346
0,21000,-1.1190086163952422
1000,21000,-0.41396029765196518
2000,21000,-0.67404333892237167
3000,21000,0.6332633177188659
4000,21000,1.0201559166130258
5000,21000,1.9530239877218993
6000,21000,2.7522139861155526
7000,21000,3.4238026084713997
8000,21000,5.09186669555227
9000,21000,6.6387103569475308
10000,21000,7.800932718672458
11000,21000,9.4555217524760877
12000,21000,11.170923846361973
13000,21000,12.497768387807129
14000,21000,16.198913896298038
15000,21000,16.523228551247403
16000,21000,18.139538155575789
17000,21000,21.960848824949515
18000,21000,23.30186080365673
19000,21000,26.070308306418983
20000,21000,27.170787341040992
21000,21000,29.238219745307735
22000,21000,31.075165846089106
23000,21000,32.346838844237766
24000,21000,33.440198629186334
25000,21000,34.96190897343773
26000,21000,36.3911996588667
27000,21000,38.472479153884137
28000,21000,39.976367267111236
29000,21000,41.52263417618321
30000,21000,42.168059208133833
31000,21000,43.047139907023144
32000,21000,43.775108235315365
33000,21000,43.6875837670386
34000,21000,42.662862679481776
35000,21000,43.222572951361975
36000,21000,42.446455035414473
37000,21000,41.670529256113788
38000,21000,40.862451799460651
39000,21000,40.420706329507659
40000,21000,39.146170208800825
41000,21000,36.474942661074643
42000,21000,35.588582890288833
43000,21000,33.023475757123251
44000,21000,31.837175661233612
45000,21000,30.257671046766777
46000,21000,28.04469651234276
47000,21000,26.933603893825811
48000,21000,25.5944855206955
49000,21000,23.56350765036024
50000,21000,21.073897795977835
0,22000,-1.7266909411905251
1000,22000,-0.33923409748570627
2000,22000,-0.50533575146161025
3000,22000,1.2777100629824834
4000,22000,1.4913423057375965
5000,22000,1.5367223839835193
6000,22000,2.96984082895874
7000,22000,4.1083678495676228
8000,22000,5.3881028932334258
9000,22000,6.3651593476335142
10000,22000,7.3101321448211429
11000,22000,10.013852245817937
12000,22000,11.260800397123871
13000,22000,13.037233690566929
14000,22000,16.206760577983118
15000,22000,17.884512259103822
16000,22000,19.86722099122678
17000,22000,22.854073391860496
18000,22000,24.54919688641974
19000,22000,26.91061484728802
20000,22000,28.728983688446643
21000,22000,30.33510853701134
22000,22000,31.763191760556733
23000,22000,32.845515761155042
24000,22000,34.3457688822186
25000,22000,36.109795036368489
26000,22000,37.65776986118707
27000,22000,38.544855042751308
28000,22000,39.210572223934896
29000,22000,41.518448259540818
30000,22000,41.68485575897428
31000,22000,42.795049009001282
32000,22000,42.785336805153982
33000,22000,43.792867923413716
34000,22000,43.455224607868288
35000,22000,42.021187961446145
36000,22000,42.350405779302456
37000,22000,41.201340563369037
38000,22000,40.415142236003859
39000,22000,39.730795953136564
40000,22000,38.297942007934445
41000,22000,36.506228913850329
42000,22000,34.27853138008463
43000,22000,33.519285111389145
44000,22000,32.340615459548381
45000,22000,30.352163151462062
46000,22000,28.39190780688789
47000,22000,26.025206490965992
48000,22000,25.122322692973587
49000,22000,23.141682936797626
50000,22000,20.612320546605826
0,23000,-1.8098173006209151
1000,23000,-1.4248169917279234
2000,23000,-1.9095880510514331
3000,23000,0.34960543966224844
4000,23000,0.82864254428209283
5000,23000,1.9831104224998726
6000,23000,3.2356989292351237
7000,23000,4.3072087043108676
8000,23000,5.2758879332040891
9000,23000,6.5412910092213306
10000,23000,7.9847255187421409
11000,23000,10.008291533586045
12000,23000,12.281216006222081
13000,23000,14.426334473946184
14000,23000,16.548568672334937
15000,23000,19.794245393706102
16000,23000,21.612878410985939
17000,23000,24.536585257715736
18000,23000,26.357575686027857
19000,23000,28.054471058573334
20000,23000,29.127849424097818
21000,23000,31.700386217862004
22000,23000,33.024468040748317
23000,23000,34.584353860442555
24000,23000,34.8264457056672
25000,23000,35.445607798622156
26000,23000,37.246030568463567
27000,23000,38.614050467420277
28000,23000,39.82231966976547
29000,23000,40.636321826167475
30000,23000,41.237357739067889
31000,23000,41.587542004872326
32000,23000,42.355316336999927
33000,23000,42.3448879697907
34000,23000,42.389036459096211
35000,23000,42.58823664722668
36000,23000,42.204530915083986
37000,23000,41.126353990177783
38000,23000,40.736774272831909
39000,23000,39.193533713177509
40000,23000,38.297278345495819
41000,23000,37.067581212933206
42000,23000,35.066321540982472
43000,23000,33.053893979890368
44000,23000,31.842319563225853
45000,23000,29.304462036829403
46000,23000,27.466014395558936
47000,23000,26.157047109802036
48000,23000,24.202290453974104
49000,23000,21.575508846421545
50000,23000,20.28491031645164
0,24000,-1.9935053385189492
1000,24000,-0.39904311728177322
2000,24000,-0.083710573915344977
3000,24000,-0.662486392241624
4000,24000,1.2078694548821423
5000,24000,1.7134356511085527
6000,24000,2.2272394214455571
7000,24000,3.3945333333278254
8000,24000,4.9277586057320484
9000,24000,7.1593309615723957
10000,24000,8.2533439194930658
11000,24000,10.247534902385613
12000,24000,13.129853068140639
13000,24000,15.50742020274981
14000,24000,19.026379906896818
15000,24000,21.183383403942127
16000,24000,24.591940581921204
17000,24000,26.590629709661545
18000,24000,28.489252627248987
19000,24000,30.533730849890482
20000,24000,32.22340799939866
21000,24000,32.587745418380777
22000,24000,34.086801792430968
23000,24000,34.37358357495048
24000,24000,35.102182434918348
25000,24000,35.645411932240734
26000,24000,36.237476881593551
27000,24000,37.608219340553042
28000,24000,39.438777051785671
29000,24000,39.793657936635668
30000,24000,40.65618189471725
31000,24000,40.485692564514018
32000,24000,41.153655540605257
33000,24000,41.628988080094551
34000,24000,41.557577848045916
35000,24000,41.071729888881507
36000,24000,41.131712901566814
37000,24000,40.647557134961787
38000,24000,38.862664172273981
39000,24000,38.294061481293426
40000,24000,36.676149172873139
41000,24000,36.630286364627615
42000,24000,33.789028306880148
43000,24000,33.334577072955824
44000,24000,30.397762575089889
45000,24000,29.127011196872409
46000,24000,27.321283580166813
47000,24000,25.39078405229403
48000,24000,23.968366944126352
49000,24000,22.497315967383724
50000,24000,20.349147794222109
0,25000,-1.1202138433118491
1000,25000,-0.84565665939983892
2000,25000,-0.84178935915847508
3000,25000,0.6904770331389305
4000,25000,1.3785456788516204
5000,25000,2.2904376729338347
6000,25000,2.7281496482802208
7000,25000,3.7532291780084579
8000,25000,4.2053163051616753
9000,25000,6.3017873577061385
10000,25000,8.6407502219535122
11000,25000,11.504346023238258
12000,25000,13.908332009018839
13000,25000,16.796883367116639
14000,25000,20.148611166708992
15000,25000,23.116242164582747
16000,25000,27.294520293344718
17000,25000,29.381616935867289
18000,25000,31.507385477667526
19000,25000,33.202707298735433
20000,25000,33.176017828241548
21000,25000,34.2659786474605
22000,25000,36.220506088709641
23000,25000,34.9377823877679
24000,25000,35.5771207842826
25000,25000,35.015071393671413
26000,25000,36.209037522163484
27000,25000,36.789329727538039
28000,25000,38.4471678321707
29000,25000,38.438561386349782
30000,25000,40.264117593021396
31000,25000,41.612495337802649
32000,25000,40.317018888669892
33000,25000,41.256041295349945
34000,25000,41.7781364981392
35000,25000,40.108119381031308
36000,25000,40.088943775608954
37000,25000,39.297741721702991
38000,25000,38.846047916089304
39000,25000,36.603313115335638
40000,25000,36.012097276305731
41000,25000,35.404183149465453
42000,25000,33.51588208376306
43000,25000,31.545090078275276
44000,25000,29.946989479972135
45000,25000,29.268552678868268
46000,25000,26.09562701291123
47000,25000,25.855817206437088
48000,25000,23.472347551867603
49000,25000,21.4305828192664
50000,25000,19.319301918476707
0,26000,-1.9575505518190823
1000,26000,-1.5773211651247538
2000,26000,-0.62443093169260122
3000,26000,0.051403927968026467
4000,26000,1.2673450535503779
5000,26000,1.5067737840183584
6000,26000,3.0583981707575347
7000,26000,4.1059299655485457
8000,26000,4.9464951652995159
9000,26000,6.5622144658420538
10000,26000,8.4596933037585789
11000,26000,11.531151780552282
12000,26000,14.221399394411597
13000,26000,17.915058985656604
14000,26000,21.704430194237506
15000,26000,25.463157716837745
16000,26000,29.709335790169728
17000,26000,31.633918917533212
18000,26000,34.157999483342124
19000,26000,36.101709683290466
20000,26000,37.049091294224333
21000,26000,37.150008366191017
22000,26000,36.032204532734411
23000,26000,36.832470342516125
24000,26000,35.792144926754382
25000,26000,36.64782730422796
26000,26000,36.657815517090356
27000,26000,35.980857634623916
28000,26000,37.170022687719161
29000,26000,38.04880967761558
30000,26000,38.833960885768562
31000,26000,39.266191608405677
32000,26000,38.598287545098
33000,26000,40.481058051276037
34000,26000,40.977819782325106
35000,26000,39.556063869101038
36000,26000,39.372681449769466
37000,26000,38.267355393103763
38000,26000,37.318669980267643
39000,26000,36.766496024037913
40000,26000,35.55598709593928
41000,26000,34.628342690433428
42000,26000,33.113910382128836
43000,26000,30.921707531166206
44000,26000,29.43519583825897
45000,26000,27.755266471871227
46000,26000,26.031947867177223
47000,26000,24.334424680651068
48000,26000,22.598456237014076
49000,26000,21.243936674183441
50000,26000,19.382349105314773
0,27000,-1.7187405752495974
1000,27000,-0.56403307570924976
2000,27000,-0.682980272141566
3000,27000,-0.97920676848878563
4000,27000,1.4632654781556793
5000,27000,1.8043756181436554
6000,27000,1.8828026577347836
7000,27000,3.7718272092063332
8000,27000,5.494674902873844
9000,27000,7.0121518205656965
10000,27000,7.64766289510783
11000,27000,12.477391519974413
12000,27000,14.968168627407353
13000,27000,18.611963239279344
14000,27000,23.706768081889948
15000,27000,27.756356824443362
16000,27000,30.756749588941464
17000,27000,33.9744629708444
18000,27000,36.700419855255383
19000,27000,38.655720106053913
20000,27000,37.908214255825435
21000,27000,38.601815702400273
22000,27000,37.735649742988024
23000,27000,37.257027159842444
24000,27000,36.628201982012861
25000,27000,36.427945326570438
26000,27000,35.924443019245189
27000,27000,35.331328250033
28000,27000,36.172481398319924
29000,27000,36.307702010463331
30000,27000,37.01702938937067
31000,27000,38.182200653683005
32000,27000,38.604243949457384
33000,27000,38.966384417591904
34000,27000,37.865613407625027
35000,27000,37.726569938294581
36000,27000,37.346235762242635
37000,27000,37.116081548565511
38000,27000,35.655528834260394
39000,27000,35.801875038033536
40000,27000,32.667906646009705
41000,27000,32.412484166833167
42000,27000,31.384197589717363
43000,27000,29.126080431668477
44000,27000,28.405344675151756
45000,27000,26.243522197415377
46000,27000,25.130028834267897
47000,27000,23.332697677023109
48000,27000,21.664384944414557
49000,27000,20.265700837773519
50000,27000,18.21121096310441
0,28000,-1.8059097161780813
1000,28000,-2.1664651230498779
2000,28000,-1.1927155053622109
3000,28000,-0.19436820602771776
4000,28000,0.45707600493820832
5000,28000,0.27638329015910579
6000,28000,1.9684464994383508
7000,28000,2.5187329253155939
8000,28000,5.3763052266273279
9000,28000,6.3396886468295861
10000,28000,8.73701228333437
11000,28000,11.159726287428088
12000,28000,16.248568870703018
13000,28000,19.757676690742912
14000,28000,24.588912687140954
15000,28000,28.333393223802954
16000,28000,33.010255031650075
17000,28000,36.390170462937675
18000,28000,38.902202550579872
19000,28000,39.8315937462107
20000,28000,39.885457105181729
21000,28000,39.139859534502818
22000,28000,37.853655308258908
23000,28000,37.37943854222727
24000,28000,36.704403759552058
25000,28000,35.49429706822739
26000,28000,34.918564532184554
27000,28000,34.881472599515668
28000,28000,34.827093198611273
29000,28000,35.000870526577593
30000,28000,35.793027909192695
31000,28000,36.3687169943376
32000,28000,36.714744345420783
33000,28000,37.28253712411108
34000,28000,37.046958573777928
35000,28000,37.43101710182912
36000,28000,36.297763754470168
37000,28000,35.644611629094491
38000,28000,33.884298329089034
39000,28000,34.988485802625007
40000,28000,32.795499182272088
41000,28000,32.58321675429498
42000,28000,30.831970176854941
43000,28000,29.147241614613858
44000,28000,26.9589098980441
45000,28000,25.820217902037264
46000,28000,25.07880748161929
47000,28000,23.146825044577408
48000,28000,21.554564353869797
49000,28000,19.670651271174989
50000,28000,18.022321571887389
0,29000,-2.8514830629865791
1000,29000,-1.6682729136285503
2000,29000,-0.83810319844789016
3000,29000,-1.862749551024665
4000,29000,0.83669857791052327
5000,29000,1.3489499408822287
6000,29000,2.3472160332186296
7000,29000,3.5305612787487961
8000,29000,4.1797195117757679
9000,29000,6.6816036270136419
10000,29000,8.57354223483886
11000,29000,11.807551813330594
12000,29000,15.584187306744422
13000,29000,20.354358067872308
14000,29000,25.376632327326497
15000,29000,29.430768866334564
16000,29000,33.636365898252933
17000,29000,37.347949237618579
18000,29000,39.878755980795553
19000,29000,41.80555555652758
20000,29000,41.158205864846359
21000,29000,40.415921800568476
22000,29000,38.92963234931117
23000,29000,36.390034346735412
24000,29000,35.086073408246094
25000,29000,33.631264664724426
26000,29000,33.769397108875964
27000,29000,33.256646348341306
28000,29000,33.735047633247049
29000,29000,33.8786830317026
30000,29000,34.493967166396239
31000,29000,34.878439577124922
32000,29000,35.700079700091727
33000,29000,35.460907037399672
34000,29000,35.359744684536921
35000,29000,34.895957898603754
36000,29000,34.857480897895854
37000,29000,34.17327216008475
38000,29000,34.348658017504505
39000,29000,32.012091993466704
40000,29000,31.245358651137131
41000,29000,30.941904040899029
42000,29000,29.462495129432046
43000,29000,27.301869228576326
44000,29000,26.614613183417767
45000,29000,25.02333464105029
46000,29000,23.71175731013901
47000,29000,21.396197109726153
48000,29000,20.830095977750855
49000,29000,19.45697977087563
50000,29000,17.90184049701098
0,30000,-1.1052511889435364
1000,30000,-1.5649090357313786
2000,30000,-0.70643991695203923
3000,30000,-0.94179717753054715
4000,30000,0.25215517202533078
5000,30000,0.73092313004116416
6000,30000,1.29248340610752
7000,30000,1.8908829776807665
8000,30000,3.80889742907634
9000,30000,5.6250371117208013
10000,30000,8.0194073096963763
11000,30000,11.8980381951138
12000,30000,15.548219452102103
13000,30000,19.912698687905333
14000,30000,25.62277078395719
15000,30000,29.395276853607832
16000,30000,34.75951775586438
17000,30000,37.955400419378762
18000,30000,39.679406265782021
19000,30000,40.5943380710534
20000,30000,40.952442019968238
21000,30000,40.0086862782283
22000,30000,36.91772450453314
23000,30000,36.24994253737453
24000,30000,34.421522609881436
25000,30000,33.35369589461839
26000,30000,32.467112911096557
27000,30000,31.555788269201877
28000,30000,33.052004330607758
29000,30000,32.45227980320405
30000,30000,32.376105787984251
31000,30000,33.165148375741474
32000,30000,32.86011035943239
33000,30000,32.586730590619254
34000,30000,33.7746570259217
35000,30000,34.193740288736493
36000,30000,33.360519158613549
37000,30000,32.651177099181844
38000,30000,32.4476949980729
39000,30000,30.627563127036954
40000,30000,29.875295995745685
41000,30000,28.690686814665483
42000,30000,27.432577831337717
43000,30000,26.163112893928105
44000,30000,25.611381783178594
45000,30000,23.918101589106023
46000,30000,22.377909945293663
47000,30000,21.085316835949605
48000,30000,19.019431368771922
49000,30000,17.708954541749161
50000,30000,16.880468005539864
0,31000,-2.3253258758104689
1000,31000,-2.2669233969089131
2000,31000,-1.8237069722263113
3000,31000,-1.1131016957398567
4000,31000,0.63034072601015989
5000,31000,-0.10282916011245297
6000,31000,1.4815806293602984
7000,31000,2.683858907046095
8000,31000,3.4346979767065431
9000,31000,5.39861446008043
10000,31000,8.7393031948129369
11000,31000,12.154382648117233
12000,31000,14.130892669471811
13000,31000,19.705674918221032
14000,31000,24.342685338184314
15000,31000,28.938058933414165
16000,31000,33.119354558717404
17000,31000,35.4862872869566
18000,31000,38.302959112128178
19000,31000,38.329696671252449
20000,31000,38.8783033253541
21000,31000,37.7556169903403
22000,31000,35.592166703800714
23000,31000,33.958726879326569
24000,31000,32.705007559647143
25000,31000,31.733677201019368
26000,31000,30.118502450759969
27000,31000,30.679415659597026
28000,31000,29.594180501205148
29000,31000,31.238612409784444
30000,31000,31.076914919969461
31000,31000,32.133064857876562
32000,31000,31.473763312936072
33000,31000,31.713408064289492
34000,31000,31.820914425106981
35000,31000,32.33279682419586
36000,31000,31.491921815225403
37000,31000,29.940659753874048
38000,31000,30.843225442196335
39000,31000,29.152992770224817
40000,31000,27.96306054021959
41000,31000,26.958769301645628
42000,31000,25.785295400354592
43000,31000,23.827154318024753
44000,31000,23.59079604983409
45000,31000,22.232683177371882
46000,31000,20.7912279338498
47000,31000,19.140073636178656
48000,31000,18.379825938082405
49000,31000,16.384490134182197
50000,31000,15.017079462364764
0,32000,-1.7865328961024414
1000,32000,-1.7826775510470785
2000,32000,-1.3890361636585256
3000,32000,-0.59991456299815238
4000,32000,-0.52677669637343694
5000,32000,-0.541095994085103
6000,32000,0.883879067894672
7000,32000,1.2039601212140496
8000,32000,3.7241802082013606
9000,32000,5.0339408619490271
10000,32000,6.5569075427912455
11000,32000,10.823721214168108
12000,32000,14.291981989595671
13000,32000,17.337681331787881
14000,32000,21.589278016229979
15000,32000,25.930927206773585
16000,32000,29.677982877273646
17000,32000,32.654240120748071
18000,32000,34.934013820274359
19000,32000,36.177272136358106
20000,32000,35.680833888431572
21000,32000,34.861043487062787
22000,32000,33.191519705127263
23000,32000,31.615630660413732
24000,32000,30.2480145392505
25000,32000,29.347460639542913
26000,32000,27.765477411123456
27000,32000,28.339096907098178
28000,32000,28.37407246909212
29000,32000,28.413579235335614
30000,32000,29.546168441864406
31000,32000,28.732100400749374
32000,32000,29.325015601835407
33000,32000,30.531262670392437
34000,32000,29.746996589985251
35000,32000,29.881783866645947
36000,32000,30.283421936763489
37000,32000,28.599011947358537
38000,32000,28.471231925267034
39000,32000,27.691374471470446
40000,32000,26.052530353863485
41000,32000,25.076966727900132
42000,32000,23.41333457879594
43000,32000,24.048562646348998
44000,32000,21.501822774833389
45000,32000,21.314343225794268
46000,32000,19.380457359212127
47000,32000,19.351437129232934
48000,32000,16.743030493960564
49000,32000,15.93810888661392
50000,32000,14.196871671714112
0,33000,-2.9121366597513325
1000,33000,-2.58879510695068
2000,33000,-1.8591868852150784
3000,33000,-0.95512976027568386
4000,33000,-0.6209631185138329
5000,33000,0.0060452575931393138
6000,33000,0.25972302145653187
7000,33000,1.2034848439721615
8000,33000,3.0820513170452739
9000,33000,5.0110235027934529
10000,33000,6.1031127179879219
11000,33000,8.6689565629309566
12000,33000,11.43972994852494
13000,33000,15.445903251656478
14000,33000,20.194499787866395
15000,33000,22.828988764600179
16000,33000,26.859055017648636
17000,33000,29.202350232608975
18000,33000,31.02880967296802
19000,33000,32.469798175453562
20000,33000,31.732115660893108
21000,33000,31.73992684402927
22000,33000,30.038007275849822
23000,33000,28.086488254283839
24000,33000,27.588841980121682
25000,33000,26.08024851543518
26000,33000,26.289984841853109
27000,33000,26.213402948360777
28000,33000,26.4563650878194
29000,33000,26.067392554328343
30000,33000,27.591078610173504
31000,33000,27.554459637201116
32000,33000,27.643120428517854
33000,33000,27.76235581588875
34000,33000,27.76902305135749
35000,33000,27.991808250737428
36000,33000,27.677567765920621
37000,33000,26.538358747487077
38000,33000,27.381523191374075
39000,33000,25.098286891503086
40000,33000,24.266005476289468
41000,33000,23.880872970483285
42000,33000,23.13080355791276
43000,33000,21.49055797287398
44000,33000,20.272790092527369
45000,33000,19.672468070366698
46000,33000,19.331375819337
47000,33000,17.050134590637171
48000,33000,15.790734123350555
49000,33000,15.369619962694268
50000,33000,14.482996016372473
0,34000,-2.5481760416285062
1000,34000,-2.2389700866898847
2000,34000,-1.6800637827400116
3000,34000,-1.1382825970526511
4000,34000,-1.0031424467023036
5000,34000,-0.29777874898585038
6000,34000,0.51889070798223647
7000,34000,0.8719809247070659
8000,34000,3.1646043540561464
9000,34000,3.3365353320246465
10000,34000,5.4598673617842932
11000,34000,7.8048908208535206
12000,34000,10.197216431699669
13000,34000,13.5696311695383
14000,34000,16.174823748295832
15000,34000,19.560335534940158
16000,34000,22.484275843891872
17000,34000,25.188021455556918
18000,34000,26.548904537132088
19000,34000,27.756359366849463
20000,34000,27.60391337697757
21000,34000,27.396673238094753
22000,34000,26.670279878050533
23000,34000,26.544943378953207
24000,34000,24.835830794044323
25000,34000,24.5057275790758
26000,34000,24.462598733314039
27000,34000,24.255098895847169
28000,34000,25.1277674465301
29000,34000,25.056354974200396
30000,34000,24.356325474656543
31000,34000,25.52875857636668
32000,34000,25.310267699529188
33000,34000,25.501383517593545
34000,34000,25.144380713609159
35000,34000,25.220092633396479
36000,34000,25.711827040349544
37000,34000,24.761475760094751
38000,34000,23.975417402648997
39000,34000,24.226262274647379
40000,34000,22.344424995664355
41000,34000,22.016037447243718
42000,34000,21.110403947844933
43000,34000,20.552246733979047
44000,34000,19.732681469928412
45000,34000,18.586224649539105
46000,34000,16.9144027074394
47000,34000,15.88936122931727
48000,34000,15.092201001240321
49000,34000,14.286194792761904
50000,34000,12.961988580895623
0,35000,-2.5792383540645543
1000,35000,-2.0009683305743895
2000,35000,-2.6160809002043268
3000,35000,-2.7058004353766321
4000,35000,-1.9083095029680142
5000,35000,-1.0210478692167864
6000,35000,-0.055453756591555783
7000,35000,-0.553120633401105
8000,35000,1.3967098874209236
9000,35000,2.6708650839350017
10000,35000,3.9550906454989532
11000,35000,6.2863739268271415
12000,35000,7.183674483714511
13000,35000,10.19770088409798
14000,35000,12.848178044805191
15000,35000,17.341999407049016
16000,35000,18.691810460432649
17000,35000,20.299598878869485
18000,35000,22.082784786454994
19000,35000,22.904081252096375
20000,35000,23.252756398797189
21000,35000,22.73210406502297
22000,35000,23.050273352541495
23000,35000,22.004942799793991
24000,35000,22.451221941661295
25000,35000,21.566882596344335
26000,35000,21.106757192210043
27000,35000,21.544426628499306
28000,35000,22.182955756087672
29000,35000,22.697516872085984
30000,35000,22.067791273171565
31000,35000,23.377433021479419
32000,35000,23.969353106560362
33000,35000,23.838722462508969
34000,35000,23.17435304018
35000,35000,24.007470759016051
36000,35000,23.082572558191384
37000,35000,23.342102605290165
38000,35000,22.743678544388469
39000,35000,22.078753830875616
40000,35000,21.557858495250088
41000,35000,20.936630200939526
42000,35000,19.827788864319757
43000,35000,18.533025090816142
44000,35000,18.083615785607261
45000,35000,16.923261403545737
46000,35000,15.799125020021583
47000,35000,15.030346186005671
48000,35000,13.435378678813038
49000,35000,12.242147538095937
50000,35000,11.428801779711721
0,36000,-3.0197889606486648
1000,36000,-2.078059682792865
2000,36000,-2.0138295185174822
3000,36000,-1.1228264444524498
4000,36000,-1.9947199912075673
5000,36000,-1.3407856471928505
6000,36000,0.30519312792825515
7000,36000,-0.01214426872663249
8000,36000,0.804895284175016
9000,36000,2.0828131709694304
10000,36000,3.0137860969346342
11000,36000,5.1684764129935035
12000,36000,6.9537360850028636
13000,36000,8.7299688486998974
14000,36000,10.542295478200757
15000,36000,12.642377885164322
16000,36000,14.887895610079854
17000,36000,15.78038384899831
18000,36000,17.839780942945534
19000,36000,17.973827135323106
20000,36000,19.769710474253831
21000,36000,19.092211166370184
22000,36000,19.881257524783742
23000,36000,19.371362584418
24000,36000,19.283059992963075
25000,36000,18.567838595892923
26000,36000,20.381157156299437
27000,36000,19.152717590032289
28000,36000,19.457619375138982
29000,36000,20.533449929622147
30000,36000,21.021019179090931
31000,36000,21.330192348953958
32000,36000,21.81534818234039
33000,36000,21.725353693817286
34000,36000,21.862144666820026
35000,36000,22.15044460778077
36000,36000,21.853179009424018
37000,36000,21.102848668624485
38000,36000,20.822279994618803
39000,36000,19.865580546375192
40000,36000,20.181991204400205
41000,36000,18.952847434751135
42000,36000,17.023405981706684
43000,36000,17.983789521090014
44000,36000,15.71994273829441
45000,36000,14.912496244567949
46000,36000,14.607245966658029
47000,36000,13.607766634553217
48000,36000,12.665472074583635
49000,36000,11.799864483218338
50000,36000,11.347635551169931
0,37000,-2.464556701738752
1000,37000,-3.3380492853467389
2000,37000,-2.3801591520310614
3000,37000,-2.4965835543019161
4000,37000,-1.6386697905426173
5000,37000,-1.0709291556137639
6000,37000,-0.25192152233837251
7000,37000,-0.57910307424905472
8000,37000,-0.13847381681246995
9000,37000,1.1881245472285502
10000,37000,1.8519508590805167
11000,37000,3.8933608649681588
12000,37000,4.7994918251519936
13000,37000,6.27822851662545
14000,37000,7.2539921472904512
15000,37000,10.099047175325143
16000,37000,11.224707319027916
17000,37000,12.818518236256955
18000,37000,13.740230282064033
19000,37000,15.274064827129875
20000,37000,15.648501611550932
21000,37000,15.81086873577995
22000,37000,16.535535160233948
23000,37000,16.225909883769805
24000,37000,16.696304413054627
25000,37000,17.059827868324145
26000,37000,16.848336319307325
27000,37000,17.645059896761115
28000,37000,17.447927759338612
29000,37000,17.847099498568788
30000,37000,18.738035355124033
31000,37000,18.898207012997712
32000,37000,18.90851668006059
33000,37000,19.824552302809511
34000,37000,20.132786548098355
35000,37000,19.213252559996405
36000,37000,19.295949062374618
37000,37000,19.582242466107274
38000,37000,18.843532778571518
39000,37000,18.934129431470758
40000,37000,18.346434102984787
41000,37000,17.315064833970585
42000,37000,15.987269485387548
43000,37000,16.357119720548617
44000,37000,15.62568361104109
45000,37000,14.009554865313824
46000,37000,14.15727056160596
47000,37000,12.379852373398299
48000,37000,12.235183921380434
49000,37000,11.175723237593745
50000,37000,10.807195370366884
0,38000,-3.9377172986434772
1000,38000,-3.6151642324783761
2000,38000,-3.1948842860989455
3000,38000,-2.1860951682887912
4000,38000,-1.7736144525325883
5000,38000,-1.4518972375796424
6000,38000,-0.64057083762249212
7000,38000,-1.2369281851263123
8000,38000,0.66969807040488338
9000,38000,-0.12258061514826435
10000,38000,1.0885013894769895
11000,38000,1.9054693734622554
12000,38000,3.4811330714698929
13000,38000,5.0807668039662079
14000,38000,6.89258020407349
15000,38000,8.2824041452168942
16000,38000,9.0584638934199475
17000,38000,10.065731082959333
18000,38000,11.247834486781068
19000,38000,12.133169337275575
20000,38000,12.430780939679165
21000,38000,14.021611778940734
22000,38000,14.245698422622194
23000,38000,13.774832875315733
24000,38000,14.16500602429943
25000,38000,15.026144537134728
26000,38000,15.38745679254018
27000,38000,15.837772583534225
28000,38000,16.3340970636701
29000,38000,16.427459942587355
30000,38000,16.820005811259957
31000,38000,17.577854612572143
32000,38000,17.244763998782954
33000,38000,18.365084218678248
34000,38000,18.35751067109971
35000,38000,17.481028293177491
36000,38000,17.785535855062658
37000,38000,17.952754102842839
38000,38000,17.848652077745268
39000,38000,16.533319136474265
40000,38000,16.100301943296138
41000,38000,15.904993273904248
42000,38000,14.934514286167522
43000,38000,14.67599357394316
44000,38000,13.937683365512058
45000,38000,13.325315763381177
46000,38000,12.289505191628759
47000,38000,11.159194473247171
48000,38000,10.970760812780933
49000,38000,10.304391350894303
50000,38000,9.9461605318964672
0,39000,-2.9334493132812223
1000,39000,-3.3671434993334231
2000,39000,-2.0551674789371592
3000,39000,-2.8515447519548704
4000,39000,-2.7485576081374017
5000,39000,-1.5491050261268833
6000,39000,-1.3884942024136355
7000,39000,-0.935384756886215
8000,39000,-0.80262223400642152
9000,39000,-0.25341790029191025
10000,39000,0.43878530003643651
11000,39000,1.9495271494524602
12000,39000,2.497635038394626
13000,39000,4.14274274973731
14000,39000,5.0795999266279077
15000,39000,5.3954745435526021
16000,39000,7.0885475661528092
17000,39000,7.8652793475206142
18000,39000,9.0612914896055976
19000,39000,9.5224581838751465
20000,39000,10.178985223833779
21000,39000,10.870161518249814
22000,39000,11.338999700467202
23000,39000,11.185089178784313
24000,39000,12.110594001786758
25000,39000,13.305053584296878
26000,39000,13.651577098631671
27000,39000,14.448831406830669
28000,39000,14.195755633875457
29000,39000,14.415975159457865
30000,39000,14.906033702854916
31000,39000,14.636847767633002
32000,39000,15.881640163139512
33000,39000,16.717679264836296
34000,39000,16.743510154843694
35000,39000,16.496644650873407
36000,39000,16.532375320828688
37000,39000,15.756873657560021
38000,39000,15.904422641244722
39000,39000,15.564574849475067
40000,39000,15.239353441782345
41000,39000,14.712381109940983
42000,39000,13.424625800381804
43000,39000,12.503260034940949
44000,39000,12.873295253560009
45000,39000,12.158638278954056
46000,39000,11.467004579298735
47000,39000,10.527141735304165
48000,39000,9.6857045600987846
49000,39000,9.0088888875925885
50000,39000,8.5811911217974011
0,40000,-4.2986604329750255
1000,40000,-3.8496388101811214
2000,40000,-3.0106950709037834
3000,40000,-3.3189368527013383
4000,40000,-2.7798041334933385
5000,40000,-2.4724634072706646
6000,40000,-1.7954091923929676
7000,40000,-0.86491257358491791
8000,40000,-0.4811989515658498
9000,40000,-0.37564184159893543
10000,40000,-0.011012279746527243
11000,40000,0.77620369933666544
12000,40000,1.2153392271007284
13000,40000,2.2159651699039049
14000,40000,2.467748408187008
15000,40000,4.0653436858817482
16000,40000,5.5651373410661744
17000,40000,5.9654136213842079
18000,40000,7.2157902768813882
19000,40000,7.5137369665360723
20000,40000,8.8625330301183922
21000,40000,7.8590082201894056
22000,40000,9.8939157796886139
23000,40000,9.7814822430687425
24000,40000,9.7675755460395877
25000,40000,11.357643993705437
26000,40000,11.871742356436823
27000,40000,12.391961956750889
28000,40000,12.962166042122158
29000,40000,12.757310498421385
30000,40000,13.737849354333614
31000,40000,13.591290598460803
32000,40000,13.927967512293456
33000,40000,14.488396824613043
34000,40000,14.216396353650051
35000,40000,14.596583301178454
36000,40000,14.952064496549335
37000,40000,13.919707468451534
38000,40000,13.16195180528875
39000,40000,12.732753449864553
40000,40000,12.645357576916648
41000,40000,12.411445829431795
42000,40000,12.078314369116539
43000,40000,11.67060036438893
44000,40000,11.717961491125868
45000,40000,10.138368500001175
46000,40000,9.9161339442810466
47000,40000,9.5073200028716673
48000,40000,9.0389870389576874
49000,40000,8.4555456026863958
50000,40000,8.5001239408102052
0,41000,-3.3072321327947947
1000,41000,-3.8062360175220893
2000,41000,-3.3518180686296231
3000,41000,-2.1374619618480306
4000,41000,-2.6887951006050508
5000,41000,-2.3211154517167376
6000,41000,-1.7398685067314372
7000,41000,-1.6019605124257243
8000,41000,-0.74232273134384319
9000,41000,-0.17459443448092071
10000,41000,0.19762172509192744
11000,41000,1.0955777796018262
12000,41000,0.3008867400096954
13000,41000,0.85058862423409931
14000,41000,1.6267475634718693
15000,41000,2.9556663315443776
16000,41000,3.1550005928945728
17000,41000,4.4291455702508715
18000,41000,5.0942821432102647
19000,41000,6.3222180059694359
20000,41000,6.3752069613250484
21000,41000,7.7019319386282561
22000,41000,8.1133640497391042
23000,41000,8.6129285401383946
24000,41000,8.8004670400800613
25000,41000,9.4221795695316342
26000,41000,9.9411431425000849
27000,41000,9.9511555721567646
28000,41000,11.326873824666306
29000,41000,10.79707791670573
30000,41000,11.825041445324953
31000,41000,12.476006697091364
32000,41000,11.986374880707896
33000,41000,12.8084997880989
34000,41000,12.705099257450675
35000,41000,12.804541454071177
36000,41000,12.077083517342126
37000,41000,12.432733354511004
38000,41000,12.040265221769863
39000,41000,11.218363330818294
40000,41000,11.894524100049543
41000,41000,11.083264124733292
42000,41000,11.528987978599845
43000,41000,10.447985134032486
44000,41000,9.3286534746267176
45000,41000,9.8651327363030639
46000,41000,8.6993429195595571
47000,41000,8.7417109063994136
48000,41000,8.1721968750101759
49000,41000,7.5706265540037609
50000,41000,7.5303245494949014
0,42000,-3.8865986093425269
1000,42000,-3.7850930346555076
2000,42000,-2.81164865631208
3000,42000,-2.9768016175072005
4000,42000,-3.1773872913091963
5000,42000,-2.6281031624550533
6000,42000,-2.0065877596956181
7000,42000,-1.0833688329456974
8000,42000,-1.5831083785394306
9000,42000,-0.74394644881434635
10000,42000,-1.0372549284840562
11000,42000,0.45529388331526288
12000,42000,0.56543604021765492
13000,42000,0.47256290927077532
14000,42000,1.04352393327436
15000,42000,2.8316938282209527
16000,42000,3.0160203923297972
17000,42000,3.7458528432631315
18000,42000,4.1406357421811153
19000,42000,5.1623441067723155
20000,42000,5.28973146717576
21000,42000,5.6958617450783615
22000,42000,5.7894544388829159
23000,42000,7.1461626257177
24000,42000,7.3688552045941309
25000,42000,7.4562644730343113
26000,42000,8.8973608091085854
27000,42000,8.0755133332304627
28000,42000,9.6856468503617972
29000,42000,9.7989494792816672
30000,42000,10.235184780328114
31000,42000,10.588340577548838
32000,42000,11.247971612715343
33000,42000,11.496447175858249
34000,42000,10.962923182908472
35000,42000,12.073686688439505
36000,42000,10.81448222244596
37000,42000,10.019711219740492
38000,42000,11.092290171847598
39000,42000,10.253253074256595
40000,42000,10.475296872442939
41000,42000,10.22673382912005
42000,42000,9.0515040034028011
43000,42000,9.9668918835093283
44000,42000,8.7012532733358068
45000,42000,8.7442649428892416
46000,42000,8.159441047529274
47000,42000,7.2900323815204153
48000,42000,6.9560255001422684
49000,42000,6.0310074671392337
50000,42000,6.3185799812605534
0,43000,-4.1859095431545592
1000,43000,-3.7132276829929882
2000,43000,-2.9703688569518207
3000,43000,-4.423259465826554
4000,43000,-3.3558938162186798
5000,43000,-1.9158624518885166
6000,43000,-2.8048904397730681
7000,43000,-2.8326088930493341
8000,43000,-2.4746006233911024
9000,43000,-1.9725342746171273
10000,43000,-0.891483168124171
11000,43000,0.11691076913091658
12000,43000,0.20741294046882502
13000,43000,-0.56973099492989532
14000,43000,0.93380239012935318
15000,43000,1.3138179800914567
16000,43000,2.4438765740572981
17000,43000,2.2891335072851859
18000,43000,3.6763880531133379
19000,43000,3.308737332931083
20000,43000,4.7047059661176451
21000,43000,4.6939114537140068
22000,43000,4.6833474017683168
23000,43000,6.4355440413211191
24000,43000,6.0756155986131324
25000,43000,6.3981171349980244
26000,43000,7.1210451018919647
27000,43000,7.6480039529314654
28000,43000,8.068433729828218
29000,43000,8.5451255156555668
30000,43000,8.6107193950343248
31000,43000,9.0003814690647772
32000,43000,9.523126960482946
33000,43000,9.84254533729905
34000,43000,9.9863511004284877
35000,43000,10.628241954975659
36000,43000,9.656652451848732
37000,43000,10.111533004511411
38000,43000,9.086970116761492
39000,43000,9.1860657254416864
40000,43000,9.1412836206731658
41000,43000,8.2756324342922518
42000,43000,8.2323753553596735
43000,43000,8.7439230976450126
44000,43000,8.008251520822089
45000,43000,7.2499190523993038
46000,43000,7.6683371126305477
47000,43000,6.3578537123740224
48000,43000,6.4770756618487155
49000,43000,6.0997200609401592
50000,43000,5.5431121224764643
0,44000,-4.2996187409220195
1000,44000,-4.5687422695518531
2000,44000,-4.5914174342762131
3000,44000,-3.5642744180932397
4000,44000,-2.6648178159632425
5000,44000,-3.0762741600069021
6000,44000,-3.1438333431189847
7000,44000,-3.235250033681127
8000,44000,-2.3773546239060055
9000,44000,-2.4272484862040069
10000,44000,-2.2264080049382269
11000,44000,-1.2892738544978988
12000,44000,-0.59807631011113394
13000,44000,0.1777359764901727
14000,44000,0.54214294977405519
15000,44000,0.14567955961751822
16000,44000,1.7486063907227098
17000,44000,1.8445141230347823
18000,44000,1.6958854965581904
19000,44000,3.3025814417476855
20000,44000,2.7719001485347494
21000,44000,4.0037760105848195
22000,44000,4.4749896927310777
23000,44000,5.4336251544969416
24000,44000,5.7679556918839623
25000,44000,5.15348382262396
26000,44000,6.2393625264173727
27000,44000,6.6037461383228981
28000,44000,7.3750060959652952
29000,44000,7.5945222292436956
30000,44000,7.8329583794700168
31000,44000,7.8617546470823081
32000,44000,7.6195294088121583
33000,44000,8.13403496476927
34000,44000,8.3766975900432765
35000,44000,7.7026238801253166
36000,44000,7.4631582403752583
37000,44000,8.73885024470157
38000,44000,8.0206246275755433
39000,44000,7.62769571992304
40000,44000,7.7071969152300772
41000,44000,7.8590472061301178
42000,44000,7.78180699130207
43000,44000,7.1018915719600031
44000,44000,6.9715879311124338
45000,44000,6.5676948108729611
46000,44000,6.0097986120257447
47000,44000,6.1349584410332536
48000,44000,5.4435475889495537
49000,44000,5.2893597582865892
50000,44000,4.9146212305499271
0,45000,-3.7328528943605073
1000,45000,-3.7079008946142697
2000,45000,-4.5219835338515768
3000,45000,-4.0262576993295633
4000,45000,-3.16826811246291
5000,45000,-3.592759368960341
6000,45000,-3.130568918705793
7000,45000,-2.800759039950111
8000,45000,-2.7797331911375505
9000,45000,-2.3387860330723633
10000,45000,-2.5283843121543148
11000,45000,-1.1070743172653836
12000,45000,-1.0487100508670166
13000,45000,-1.2067095878728864
14000,45000,0.44187805190254448
15000,45000,-0.0853980962752082
16000,45000,1.0604540956467987
17000,45000,1.2828332608698592
18000,45000,1.802183282056351
19000,45000,2.3456227072702109
20000,45000,2.4151428126136461
21000,45000,2.87601251677578
22000,45000,3.3889177793157774
23000,45000,3.6793607975752
24000,45000,4.5893983510101206
25000,45000,5.7551596541509875
26000,45000,5.6149472463431271
27000,45000,5.8628179994565608
28000,45000,5.239342185353296
29000,45000,6.0654478959243558
30000,45000,6.4994898044635407
31000,45000,7.4615010069804439
32000,45000,7.256228878235631
33000,45000,7.4735446009315263
34000,45000,6.2316501268020694
35000,45000,7.0686965088676068
36000,45000,7.3659498744009806
37000,45000,7.1449875725314875
38000,45000,7.8080296317216238
39000,45000,6.475033491774143
40000,45000,6.9788412419746617
41000,45000,6.782180867238595
42000,45000,6.7016711314674469
43000,45000,6.3796825423254093
44000,45000,6.4525340038213219
45000,45000,6.2695437375275063
46000,45000,5.80687281826732
47000,45000,4.6584438422740542
48000,45000,5.7521999498498957
49000,45000,5.88057019142442
50000,45000,4.5484917279061072
0,46000,-4.7768594969908555
1000,46000,-4.3923583513820486
2000,46000,-4.2006877781157721
3000,46000,-3.8018377977073197
4000,46000,-3.7782798832323494
5000,46000,-3.6044016166919213
6000,46000,-2.6309772446813278
7000,46000,-2.4279884928267266
8000,46000,-2.8209728936156058
9000,46000,-1.7179101942679216
10000,46000,-1.4135291557906775
11000,46000,-1.9480293151394505
12000,46000,-1.2139986533288636
13000,46000,-1.5353108217686087
14000,46000,-0.38185128572299565
15000,46000,-0.11787521626473091
16000,46000,0.44668454218307047
17000,46000,0.33465292042485362
18000,46000,0.875846263946002
19000,46000,1.3729134127440672
20000,46000,1.3701205672235242
21000,46000,2.6468405659809071
22000,46000,2.161152682195933
23000,46000,3.2403658161850917
24000,46000,3.6268765041404971
25000,46000,3.192478692714801
26000,46000,4.2532122570991531
27000,46000,3.8088770069779896
28000,46000,5.1262181070475465
29000,46000,5.429217799001572
30000,46000,4.228359547673838
31000,46000,5.8908321737746352
32000,46000,5.6113702249796855
33000,46000,6.1795187097205133
34000,46000,6.0032937230511294
35000,46000,6.2190872623848659
36000,46000,6.6560226149467594
37000,46000,5.9821970124440451
38000,46000,6.0656164566049773
39000,46000,5.8513954090640832
40000,46000,5.0726855799122861
41000,46000,5.5174287369578794
42000,46000,5.5401496126411169
43000,46000,5.9635654107213663
44000,46000,4.994011357066328
45000,46000,4.769947090246129
46000,46000,4.1645541104561534
47000,46000,4.4429435027125175
48000,46000,4.0809294127560518
49000,46000,4.1875948679675217
50000,46000,4.1136991559464811
0,47000,-5.1443136274968335
1000,47000,-3.9056271610581561
2000,47000,-3.7187169350828908
3000,47000,-4.2263954031145756
4000,47000,-3.9003421783623553
5000,47000,-3.0761824486934795
6000,47000,-3.7716558956308726
7000,47000,-3.4311026942902463
8000,47000,-2.8544352089372773
9000,47000,-2.6982101908552076
10000,47000,-2.9071467829065627
11000,47000,-1.5013076100859
12000,47000,-1.9238222828597544
13000,47000,-1.4674052214302273
14000,47000,-1.9326304201959192
15000,47000,-1.6551900896246725
16000,47000,-1.0326231271368913
17000,47000,0.4812942436457891
18000,47000,1.0582204894580971
19000,47000,1.0270670264778978
20000,47000,1.0266880401087415
21000,47000,1.7362414894484262
22000,47000,2.1625159364177162
23000,47000,2.2079084430724181
24000,47000,2.8139172408247073
25000,47000,2.3807513106935065
26000,47000,3.404088977131158
27000,47000,3.3630383458597088
28000,47000,3.1824747000813978
29000,47000,4.7790812300750121
30000,47000,3.9702687167029809
31000,47000,4.1264869362328138
32000,47000,4.63564013905708
33000,47000,4.9219355246434731
34000,47000,5.0459787299377412
35000,47000,5.6253296690799548
36000,47000,5.4777014114994182
37000,47000,5.4011462936756658
38000,47000,4.858134286036969
39000,47000,4.9523171302312639
40000,47000,5.2084901740659708
41000,47000,5.3990150785593727
42000,47000,4.662067159960408
43000,47000,5.050464297986367
44000,47000,5.0510935535036543
45000,47000,4.0299684627054155
46000,47000,4.4695127791221374
47000,47000,3.8281761647255839
48000,47000,3.8339623056460481
49000,47000,3.2987490337664074
50000,47000,3.1453511875117397
0,48000,-4.3392920107323878
1000,48000,-4.8281470610533646
2000,48000,-3.2330144976809629
3000,48000,-4.7038478010526008
4000,48000,-3.19157385472115
5000,48000,-4.0805694486907464
6000,48000,-4.6567268117286513
7000,48000,-3.52535635906332
8000,48000,-2.5145135892191655
9000,48000,-3.2815593083758121
10000,48000,-2.1768241130636072
11000,48000,-1.5001435965367513
12000,48000,-2.7842234819814444
13000,48000,-2.2594736345839355
14000,48000,-1.4613983325802098
15000,48000,-1.4237725150420522
16000,48000,-0.76750997212697525
17000,48000,-0.8816915309513903
18000,48000,-0.68256315194525963
19000,48000,-0.3174622104846534
20000,48000,0.098518731904581824
21000,48000,1.1247639435681545
22000,48000,0.9998757082725187
23000,48000,1.7275388697044054
24000,48000,1.439826911149253
25000,48000,2.1112129677233153
26000,48000,2.5505461242187932
27000,48000,2.2953709873441142
28000,48000,3.0269661362482592
29000,48000,2.34560554358972
30000,48000,4.0397228137571926
31000,48000,4.0074524279959007
32000,48000,3.8059471483648597
33000,48000,4.3595018400202372
34000,48000,4.6918489368290537
35000,48000,4.3057529372233789
36000,48000,4.35180483897573
37000,48000,4.23098950581682
38000,48000,4.5240513547652208
39000,48000,5.0527444736814839
40000,48000,3.8373911924821162
41000,48000,3.9592736496944263
42000,48000,3.5404474839386304
43000,48000,3.2111759682218186
44000,48000,3.6063931119602026
45000,48000,3.6502713057266449
46000,48000,4.1801203990873219
47000,48000,2.2320041805619919
48000,48000,3.4940257671464536
49000,48000,3.0711686381045995
50000,48000,3.9790752346841209
0,49000,-4.5376271146996263
1000,49000,-4.4518397989692033
2000,49000,-5.3237175089675475
3000,49000,-4.4844929036645871
4000,49000,-3.7330886012710391
5000,49000,-3.7761182722427691
6000,49000,-3.480692936635192
7000,49000,-3.5183276931790735
8000,49000,-3.4789370730089417
9000,49000,-3.1489080672093657
10000,49000,-2.7892008578884817
11000,49000,-2.2538297129787113
12000,49000,-2.922830792064826
13000,49000,-2.3010594038958785
14000,49000,-2.1538218966257174
15000,49000,-2.1864501170929072
16000,49000,-1.4798354595283931
17000,49000,-0.854823824205516
18000,49000,-0.11738555149576801
19000,49000,0.18916680447564005
20000,49000,0.019445195380900289
21000,49000,-0.37732823097966639
22000,49000,0.53480882804559826
23000,49000,1.6779433525126604
24000,49000,1.1881442636245745
25000,49000,1.8974941017081641
26000,49000,1.4064804827085715
27000,49000,2.9531476609051426
28000,49000,2.2900662532857097
29000,49000,2.2412274186797188
30000,49000,2.3336458643253328
31000,49000,2.7733153869432443
32000,49000,3.4788242686976805
33000,49000,3.3382290509277652
34000,49000,2.7071367079703945
35000,49000,3.0954868385455656
36000,49000,3.9556087758195195
37000,49000,3.4028118409390289
38000,49000,3.8611001537541858
39000,49000,4.5644604059209382
40000,49000,3.9063214312907197
41000,49000,4.0141321793769507
42000,49000,3.744922538058205
43000,49000,3.3940916417490383
44000,49000,3.1129733623419273
45000,49000,3.0097341532319781
46000,49000,2.98768521455078
47000,49000,2.6130299739586231
48000,49000,2.6012791642303812
49000,49000,2.9391984104044613
50000,49000,3.1788198545579087
0,50000,-5.3776754128264628
1000,50000,-4.7975263424131454
2000,50000,-4.8502844296910492
3000,50000,-4.6411792918389381
4000,50000,-4.6922094752203662
5000,50000,-4.245547806001956
6000,50000,-3.9129149459109511
7000,50000,-3.6487385220291917
8000,50000,-3.8416728970798122
9000,50000,-4.170864864739162
10000,50000,-3.1641052005061332
11000,50000,-2.6310126035057335
12000,50000,-3.09958295756069
13000,50000,-2.6708458803761834
14000,50000,-1.7740502540104375
15000,50000,-0.94424952256823913
16000,50000,-1.6292294959769176
17000,50000,-0.78201993787136781
18000,50000,-1.7313056211492008
19000,50000,-1.410906541495528
20000,50000,-0.22847649555336091
21000,50000,-0.43586148842029604
22000,50000,-0.027539931220147681
23000,50000,-0.24749071554842106
24000,50000,-0.01093522274639902
25000,50000,0.47764377491741417
26000,50000,1.06836197563907
27000,50000,1.5851348236284424
28000,50000,1.6372092550934028
29000,50000,2.1031047817357997
30000,50000,2.0704475657723966
31000,50000,0.95295603260655648
32000,50000,2.2979403573899138
33000,50000,3.0209248321185269
34000,50000,3.0691998508695435
35000,50000,2.6510838319457148
36000,50000,2.6566074704300231
37000,50000,1.8819589229981255
38000,50000,2.2518179055544123
39000,50000,2.2185487617391075
40000,50000,2.8435775503174003
41000,50000,3.4783820209874947
42000,50000,2.3035386182168662
43000,50000,3.6068314050033079
44000,50000,2.5257753549173714
45000,50000,2.1619121924310951
46000,50000,2.9318741892488625
47000,50000,2.802156815814747
48000,50000,2.1619661702729456
49000,50000,3.0070366446127332
50000,50000,2.43090519704393
